seed,balance_score,size_ratio,state_l1,drift_score,month_overlap,month_div,min_val,max_val,hybrid
231,0.917642842053562,1.265625,0.326008921026781,-0.881611811391223,0.2357142857142857,1.1173260971055088,64,81,0.30051457407970583
140,1.0317041454659082,1.3968253968253967,0.3174393743202557,-0.8286867730446851,0.2533333333333333,1.0820201063780184,63,88,0.45162340433462866
131,1.1211105772363603,1.7450980392156863,0.188006269010337,-0.8514305719244372,0.2255952380952381,1.0770258100196752,51,89,0.5251091768892543
172,1.136232683858748,1.2686567164179106,0.43378798372041877,-0.7719575623890048,0.29107142857142854,1.0630289909604334,67,85,0.5958623901864446
126,1.1348544375014962,1.5178571428571428,0.30849864732217674,-0.7683992314874667,0.2839285714285714,1.0523278029160381,56,85,0.5969749754602696
251,1.4282448896792168,1.6545454545454545,0.3868497175668811,-1.180997629821159,0.1519047619047619,1.332902391725921,55,91,0.6015465488044055
374,1.2707978068097203,1.4363636363636363,0.417217085223042,-0.9455090770485409,0.20726190476190479,1.1527709818104457,55,79,0.6089414528757418
182,1.3662101779634446,1.5084745762711864,0.42886780084612913,-1.063826981496824,0.17535714285714282,1.2391841243539667,59,89,0.6215312909156678
25,1.2330737657158395,1.4406779661016949,0.3961978998070723,-0.85386427298192,0.22976190476190475,1.0836261777438247,59,85,0.6353687746284955
49,1.235519635190824,1.203125,0.516197317595412,-0.8532699568721326,0.22380952380952382,1.0770794806816564,64,77,0.6382306653803312
478,1.2321224731151201,1.328125,0.45199873655756007,-0.7972820235320237,0.24603174603174605,1.0433137695637698,64,85,0.6740250566427036
430,1.0772051260286553,1.4814814814814814,0.297861822273587,-0.5716047024870554,0.3416666666666666,0.9132713691537221,54,80,0.6770818342877165
70,1.2446918767507005,1.4166666666666667,0.4140126050420168,-0.7973424369747899,0.25642857142857145,1.0537710084033614,60,85,0.6865521708683476
222,1.2685783132530122,1.66,0.3042891566265061,-0.8234443825723059,0.22869047619047622,1.0521348587627821,50,83,0.692167245452398
301,1.160123553617297,1.360655737704918,0.3997339079561895,-0.6609844484241785,0.3146825396825396,0.975666988106718,61,83,0.697434439720372
456,1.1981501085080022,1.2424242424242424,0.47786293304187993,-0.6716784529320642,0.31547619047619047,0.9871546434082547,66,82,0.7279751914555572
127,1.138557397523782,1.305084745762712,0.41673632588053505,-0.5800354130797504,0.3458333333333333,0.9258687464130837,59,77,0.7325326083679566
315,1.1994312876665818,1.5,0.3497156438332909,-0.664752567693744,0.29444444444444445,0.9591970121381885,60,90,0.734104490280961
269,1.4160878386442297,1.719298245614035,0.34839479651509736,-0.9521044781548984,0.20317460317460317,1.1552790813295015,57,98,0.7496147039358009
273,1.391059599606773,1.5,0.44552979980338653,-0.9138958916900093,0.20535714285714285,1.119253034547152,60,90,0.7513324754237665
305,1.2780016014153812,1.359375,0.4593133007076906,-0.737528212434399,0.26876984126984127,1.0062980537042403,64,87,0.761731852711302
105,1.3992962371853044,1.603448275862069,0.3979239806616177,-0.8950067074757551,0.22583333333333333,1.1208400408090884,58,93,0.7727915419522758
337,1.4166133670060992,1.8431372549019607,0.28673805605206926,-0.917703081232493,0.19714285714285715,1.1148459383753502,51,94,0.7742212101433541
243,1.3718285395237249,1.4137931034482758,0.4790177180377245,-0.8201609029295264,0.26956349206349206,1.0897243949930184,58,82,0.7977159074730564
332,1.353542450650294,1.4333333333333333,0.4601045586584803,-0.7936437423219228,0.268452380952381,1.0620961232743038,60,86,0.7979918310249481
480,1.4027613051909729,1.3833333333333333,0.5097139859288198,-0.8598426849899347,0.22964285714285718,1.0894855421327918,60,83,0.8008714256980186
96,1.3717451083279653,1.6037735849056605,0.3839857617111524,-0.8085028748341442,0.275,1.0835028748341442,53,85,0.8057930959440643
390,1.378321259538298,1.5,0.43916062976914905,-0.8020217167326702,0.24424603174603177,1.046267748478702,58,87,0.816906057825429
399,1.3302346102760352,1.4814814814814814,0.4243765643972769,-0.7250234741784036,0.2904761904761905,1.0154996646545942,54,80,0.8227181783511527
260,1.3747914772466365,1.5166666666666666,0.4290624052899849,-0.7837315934360294,0.26099206349206344,1.0447236569280929,60,91,0.826179361841416
67,1.405713350629654,1.4464285714285714,0.4796423896005413,-0.8113607119159791,0.2498015873015873,1.0611622992175664,56,81,0.8377608522884686
448,1.357014078400804,1.4406779661016949,0.45816805614955464,-0.7354970096146568,0.2857142857142857,1.0212112953289425,59,85,0.8421661716705443
275,1.4790501452570417,1.4482758620689655,0.5153871415940381,-0.9009074416680908,0.22896825396825396,1.1298756956363447,58,84,0.8484149360893782
170,1.3136698515022447,1.4642857142857142,0.42469206860826525,-0.6579095530885,0.3238095238095238,0.9817190768980237,56,82,0.8531331643402947
356,1.4399113455279993,1.6071428571428572,0.41638424419257103,-0.8263313573661986,0.23928571428571427,1.0656170716519129,56,90,0.8614793953716603
183,1.4206652907100477,1.7037037037037037,0.358480793503172,-0.7694060120754496,0.2728174603174603,1.0422234723929098,54,92,0.882081082257233
52,1.4240734541176798,1.5714285714285714,0.4263224413445542,-0.7719927187887652,0.26607142857142857,1.0380641473601937,56,88,0.8836785509655443
274,1.4886052438993616,1.6666666666666667,0.4109692886163474,-0.8387628384687209,0.2556349206349206,1.0943977591036416,51,85,0.901471256971257
51,1.5309706584509044,1.5,0.5154853292254522,-0.8925764921353156,0.25726190476190475,1.1498383968972203,56,84,0.9061671139561835
247,1.425282687787759,1.5535714285714286,0.4358556296081651,-0.741207057535658,0.3261904761904762,1.067397533726134,56,87,0.9064377475127984
373,1.415476186627067,1.836734693877551,0.289370746374758,-0.7055905361643501,0.29214285714285715,0.9977333933072072,49,90,0.921562811312022
308,1.5957373425356045,1.803921568627451,0.3959078869540767,-0.947872203675991,0.1905952380952381,1.138467441771229,51,92,0.9322267999624109
132,1.4457285210497584,1.421875,0.5119267605248792,-0.7300864326530838,0.3003968253968254,1.0304832580499093,64,91,0.9346680181925997
76,1.3757425430324894,1.45,0.46287127151624474,-0.6176684062732449,0.30396825396825394,0.9216366602414988,60,87,0.943374658641218
288,1.406656015960321,1.5517241379310345,0.42746593901464325,-0.638724558532029,0.35444444444444445,0.9931690029764735,58,90,0.9595488249879007
496,1.436406204272754,1.4285714285714286,0.5039173878506626,-0.6702969396713909,0.30392857142857144,0.9742255110999624,56,80,0.9671983465027802
56,1.738933890973644,2.0208333333333335,0.35905027882015533,-1.101692067494388,0.1870238095238095,1.2887158770181975,48,97,0.9677494437275725
166,1.5408886178948757,1.7407407407407407,0.4000739385770675,-0.8007619047619048,0.24047619047619045,1.0412380952380953,54,94,0.9803552845615424
106,1.468628518429357,1.68,0.39431425921467855,-0.6945064118474393,0.3146825396825397,1.009188951529979,50,84,0.9824740301361495
66,1.4802417681360758,1.5660377358490567,0.45710201614350954,-0.7107079427384174,0.29801587301587296,1.0087238157542904,53,83,0.9827462082191836
93,1.4989875574054075,1.4482758620689655,0.525355847668221,-0.7287745098039218,0.27575396825396825,1.00452847805789,58,84,0.9888454005426622
1,1.5720500303040352,1.4745762711864407,0.5487368795587972,-0.8317748342274764,0.23746031746031743,1.0692351516877938,59,87,0.9898076463448018
223,1.5731222930939444,1.68,0.4465611465469722,-0.821449101729045,0.27976190476190477,1.1012110064909497,50,84,0.998107921883613
99,1.488251513960094,1.7037037037037037,0.39227390512819516,-0.69914802265291,0.2873015873015873,0.9864496099544973,54,92,0.9988478981030571
115,1.730604239977853,1.5892857142857142,0.5706592628460694,-1.0408478843832332,0.1814285714285714,1.2222764558118047,56,89,1.0020107209095896
144,1.5924457297088876,1.5964912280701755,0.49797725081935607,-0.7976048437212121,0.24043650793650792,1.03804135165772,57,91,1.034122339104039
313,1.665968393614984,1.6181818181818182,0.523893287716583,-0.9019715857970613,0.2244047619047619,1.1263763477018232,55,89,1.0345882835570412
482,1.623067523118645,1.7058823529411764,0.4585925850887344,-0.8393369542939128,0.21706349206349204,1.0564004463574048,51,87,1.0355316551129063
157,1.6951128771922206,1.5925925925925926,0.551260142299814,-0.9420976917898942,0.19817460317460317,1.1402722949644974,54,86,1.0356444929392947
11,1.6229692954434947,1.709090909090909,0.45693919317629283,-0.8135445531543624,0.2646428571428571,1.0781874102972195,55,94,1.053488108235441
300,1.6022093176971834,1.543859649122807,0.5291748342871883,-0.7794184083889966,0.2521825396825397,1.0316009480715362,57,88,1.0566164318248858
53,1.6420312871988751,1.7547169811320755,0.44365715303339986,-0.8355199363169898,0.2462301587301587,1.0817500950471486,53,93,1.0571673317769823
295,1.7047045070073854,1.88,0.4123522535036928,-0.922717086834734,0.23095238095238094,1.1536694677871149,50,94,1.0588025462230717
98,1.6215515564535115,1.5245901639344261,0.5484806962595427,-0.798510369571646,0.23809523809523808,1.0366056076668841,61,93,1.0625942977533593
262,1.614875228630265,1.6071428571428572,0.5038661857437039,-0.7837477313394262,0.2875,1.0712477313394262,56,90,1.0662518166926667
97,1.5620115236800443,1.7222222222222223,0.41989465072891097,-0.7075532320207776,0.2648809523809524,0.9724341844017299,54,93,1.0667242612655
458,1.7784871307013372,1.6226415094339623,0.5779228106336874,-1.0108123249299719,0.17238095238095236,1.1831932773109242,53,86,1.070918503250357
15,1.6163112020818118,1.72,0.44815560104090596,-0.7746475886740916,0.29238095238095235,1.067028541055044,50,86,1.0740578900099478
366,1.5195395946068095,1.830188679245283,0.34467545768076324,-0.6361993230403553,0.31230158730158725,0.9485009103419426,53,97,1.0742000684785609
495,1.57835651558046,1.3559322033898304,0.6112121560953148,-0.7159975023633363,0.31071428571428567,1.026711788077622,59,80,1.0771582639261246
143,1.7022154316271965,1.7450980392156863,0.47855869620575503,-0.8920901608856003,0.22083333333333335,1.1129234942189337,51,89,1.0777523190072764
75,1.7516314696413244,1.6363636363636365,0.557633916638844,-0.9544546793076205,0.21583333333333332,1.1702880126409538,55,90,1.0835131941259901
165,1.7246296831772931,1.8478260869565217,0.43840179811038577,-0.9137644623066618,0.2038095238095238,1.1175739861161855,46,85,1.08499455956263
43,1.615799190489593,1.4821428571428572,0.5668281666733679,-0.7504667006788496,0.28908730158730156,1.0395540022661511,56,83,1.0904725000143984
438,1.4663190962274304,1.6111111111111112,0.4276039925581596,-0.5202200329286919,0.3716269841269841,0.8918470170556759,54,87,1.102165073177346
280,1.7662044565573978,1.8,0.4831022282786989,-0.9480543809039716,0.2033333333333333,1.151387714237305,50,90,1.1025663899246176
294,1.5829409805880394,1.6545454545454545,0.46419776302129245,-0.6859528053645702,0.2849206349206349,0.9708734402852051,55,91,1.1027740168328404
171,1.562959001782531,1.4666666666666666,0.5481461675579322,-0.6572289437571184,0.3081349206349206,0.965363864392039,60,88,1.1028987411525482
92,1.598387624768508,1.9130434782608696,0.3426720732538192,-0.7070347554682593,0.2934523809523809,1.0004871364206402,46,88,1.1034632959407267
44,1.604533624740835,1.6415094339622642,0.4815120953892854,-0.71314842438275,0.3,1.01314842438275,53,87,1.1053297276729102
385,1.5682522581682246,1.8148148148148149,0.37671872167670484,-0.6611424147123637,0.30297619047619045,0.9641186051885542,54,98,1.1054525678695701
57,1.6895820905437273,1.84,0.4247910452718637,-0.8218791864571915,0.24047619047619045,1.062355376933382,50,92,1.1142666600236932
149,1.5838029932481181,1.7083333333333333,0.43773482995739244,-0.6550495911664758,0.33015873015873015,0.9852083213252059,48,82,1.1252682794315851
311,1.7731193841242825,1.7450980392156863,0.5140106724542981,-0.9242275282695295,0.2070634920634921,1.1312910203330215,51,89,1.126160114335612
393,1.6850669980360884,1.7446808510638299,0.47019307348612926,-0.7968860732322682,0.2551587301587302,1.0520448033909984,47,82,1.1272467467735008
266,1.7296609420085303,1.7037037037037037,0.5129786191524133,-0.8585310521242537,0.24932539682539684,1.1078564489496505,54,92,1.1286892055215527
465,1.609768395885524,1.459016393442623,0.5753760012214505,-0.6832263062525387,0.3140873015873016,0.9973136078398402,61,89,1.131509981508747
272,1.7277022468193945,1.7017543859649122,0.5129739304272412,-0.8344155416497401,0.24166666666666664,1.0760822083164068,57,97,1.1436113676645765
64,1.8127279875267492,1.7272727272727273,0.542727630127011,-0.9473971093139453,0.19166666666666668,1.139063775980612,55,95,1.1495500110069876
84,1.7399150236763261,1.9069767441860466,0.4164691397451398,-0.8346848739495798,0.2565476190476191,1.0912324929971988,43,82,1.1556356119116202
317,1.6858671365153928,1.74,0.4729335682576964,-0.7554136482179077,0.2710714285714286,1.0264850767893363,50,87,1.1570775827628574
0,1.6539140213642263,1.7037037037037037,0.47510515883026133,-0.7024111192242507,0.29888888888888887,1.0013000081131396,54,92,1.1622262379072508
82,1.7970959357525782,1.8541666666666667,0.47146463454295573,-0.9030141944418218,0.2314285714285714,1.1344427658703933,48,89,1.164985999643303
220,1.6823774728957543,1.55,0.5661887364478772,-0.7388117962640038,0.28095238095238095,1.0197641772163848,60,93,1.1652092155109517
16,1.746550842862246,1.9130434782608696,0.4167536823006882,-0.8272710808461319,0.24107142857142855,1.0683425094175605,46,88,1.1674610862699537
328,1.5584170115671512,1.6415094339622642,0.45845378880244353,-0.5538728404209057,0.3599603174603174,0.9138331578812231,53,87,1.1707060232725173
461,1.6396668537179937,1.390625,0.6245209268589968,-0.6566395376672971,0.3009920634920635,0.9576316011593606,64,89,1.1800191773508857
214,1.7882611506140917,1.92,0.43413057530704585,-0.8644132011779071,0.23888888888888887,1.103302090066796,50,96,1.1831719097895568
39,1.6464734538304313,1.6603773584905661,0.49304804766993254,-0.6597289986058437,0.28829365079365077,0.9480226493994944,53,88,1.1846631548063407
416,1.8908850934360468,1.9803921568627452,0.4552464682866509,-0.9935392006264872,0.17801587301587302,1.1715550736423601,51,101,1.1954076529975057
240,1.8627760008652792,2.0,0.43138800043263953,-0.9481882114547948,0.20238095238095238,1.1505691638357471,47,94,1.1990442528469227
88,1.7806172839506176,1.6071428571428572,0.5867372134038802,-0.8275599128540304,0.23984126984126983,1.0674011826953003,56,90,1.2013253449527963
485,1.7867299578059073,2.0,0.3933649789029536,-0.8316059757236227,0.3052777777777778,1.1368837535014005,48,96,1.2046057747993713
193,1.6811503927768476,1.4745762711864407,0.6032870607952034,-0.6773699869998876,0.29047619047619044,0.967846177476078,59,87,1.2069914018769263
429,1.7796681839559139,1.7735849056603774,0.5030416391477682,-0.8128682259525122,0.2488095238095238,1.061677749762036,53,94,1.2106604257891553
185,1.7227636034333411,1.875,0.42388180171667056,-0.7282111026228673,0.2646825396825397,0.992893642305407,48,90,1.213015831597334
206,1.8265647423773759,1.5689655172413792,0.6287996125679983,-0.8762659707757747,0.22000000000000003,1.0962659707757747,58,91,1.2131785628343335
47,1.8797532235788024,1.94,0.4698766117894012,-0.9403100243533842,0.20694444444444443,1.1472544687978286,50,97,1.2215362065314335
255,1.7950143839974666,1.9019607843137254,0.4465267998418706,-0.8179623290742242,0.23206349206349203,1.0500258211377163,51,97,1.2224407536455097
342,1.8028235958414989,1.84,0.48141179792074934,-0.8271707059635449,0.258015873015873,1.085186578979418,50,92,1.2238041016670174
384,1.8016431805022024,2.056603773584906,0.37251970345864827,-0.8247661428616464,0.22476190476190477,1.0495280476235511,53,109,1.22430688049905
136,1.713693655385822,1.5087719298245614,0.6024608627806303,-0.6955675451998984,0.33095238095238094,1.0265199261522793,57,86,1.2267963737458931
169,1.700354910649543,1.6140350877192982,0.5431599114651224,-0.6725364707477972,0.31507936507936507,0.9876158358271623,57,92,1.2295793811260851
258,1.7738003915914766,1.6226415094339623,0.5755794410787571,-0.7771218330783742,0.2782142857142857,1.05533611879266,53,86,1.2298151084366147
316,1.7003842638269884,1.5964912280701755,0.5519465178784064,-0.670648297295356,0.29960317460317454,0.9702514718985306,57,91,1.2309304557202392
8,1.6459779627054707,1.5714285714285714,0.5372746956384497,-0.5772896114098,0.3392857142857143,0.9165753256955143,56,88,1.2418752347186108
241,1.7827874174372993,1.9259259259259258,0.4284307457556868,-0.7714560861969108,0.26896825396825397,1.0404243401651647,54,104,1.2427681570994618
302,1.6827957114940797,1.5862068965517242,0.5482944074711777,-0.6256076048754299,0.31753968253968257,0.9431472874151124,58,92,1.2448703880812788
189,1.6718428785667054,1.7551020408163265,0.4583704188751895,-0.6053633138611118,0.33551587301587305,0.9408791868769848,49,86,1.2480885588639272
71,1.9141143475555928,1.75,0.5820571737777964,-0.9489828904534786,0.20785714285714282,1.1568400333106215,56,98,1.2498263242381578
6,1.8374681810974818,1.6415094339622642,0.5979793735676088,-0.8386843075788308,0.24928571428571428,1.0879700218645452,53,87,1.2503891657923
196,1.7955413944794691,1.9583333333333333,0.418604030573068,-0.7751890756302522,0.24742063492063487,1.0226097105508871,48,94,1.2529090415382926
299,1.8655199554999307,1.9574468085106382,0.45403657349464616,-0.8731677018633539,0.2516666666666667,1.1248343685300206,47,92,1.254302564195583
221,1.7677902925208653,1.9545454545454546,0.40662241898770535,-0.7292052910348222,0.3202777777777778,1.0494830688126,44,86,1.2573465887964899
440,1.8194243860180932,1.9545454545454546,0.4324394657363193,-0.7998654901459279,0.25515873015873014,1.055024220304658,44,86,1.2595185429159437
283,1.920274732045214,1.631578947368421,0.6443478923383965,-0.9326922084623324,0.2117857142857143,1.1444779227480466,57,93,1.2673901861215815
197,1.8272980200752673,1.7037037037037037,0.5617971581857818,-0.7991973559236988,0.2546031746031746,1.0538005305268734,54,92,1.2678598709286781
4,1.7970944309927361,1.3898305084745763,0.7036319612590799,-0.7556861162544113,0.2644444444444445,1.0201305606988558,59,82,1.2681141496146484
403,1.7423834718316389,1.9574468085106382,0.39246833166050027,-0.6773525037201287,0.3357539682539683,1.013106471974097,47,92,1.2682367192275488
489,1.7209232360863693,1.7407407407407407,0.4900912476728143,-0.6447590066959592,0.291547619047619,0.9363066257435781,54,94,1.269591931399198
102,1.7457959502334013,1.528301886792453,0.6087470317204742,-0.6729055520653935,0.3003968253968254,0.9733023774622188,53,81,1.2747620637876258
427,1.7911324953788346,1.830188679245283,0.48047190806677575,-0.7370825834622601,0.2689285714285714,1.0060111548908315,53,97,1.2751746869552525
58,1.8019935282316917,1.98,0.4109967641158459,-0.751836323886539,0.28928571428571426,1.0411220381722532,50,99,1.2757081015111145
475,1.6680381804689652,2.1333333333333333,0.267352423567816,-0.5592739199436197,0.30932539682539684,0.8685993167690166,45,96,1.2765464365084314
227,1.9683687293099057,1.8909090909090909,0.5387298192004074,-0.9882042467336585,0.1869047619047619,1.1751090086384204,55,104,1.2766257565963448
488,1.7669360372672482,1.9622641509433962,0.40233594316192595,-0.6963021240885018,0.29166666666666663,0.9879687907551684,53,104,1.279524550405297
54,1.859398147712488,1.7407407407407407,0.5593287034858736,-0.828176500910181,0.243015873015873,1.071192373926054,54,94,1.2796745970753611
36,1.8044364529437504,1.8148148148148149,0.49481081906446783,-0.7485896931872165,0.2812301587301587,1.0298198519173751,54,98,1.2804236677126988
431,1.8373281088563076,1.8653846153846154,0.4859717467358461,-0.7904820972437712,0.2595238095238095,1.0500059067675807,52,97,1.2839906407856678
60,1.7655773148420206,1.8958333333333333,0.4348719907543437,-0.6850930270047918,0.32678571428571435,1.0118787412905061,48,91,1.2860121959386663
310,1.7315645061852492,1.9298245614035088,0.4008699723908702,-0.6340017266874851,0.32996031746031745,0.9639620441478026,57,110,1.2877632975040096
359,1.7169919546795813,1.706896551724138,0.5050477014777217,-0.6120094311270783,0.3408730158730159,0.9528824470000942,58,99,1.2885853528906266
121,1.8515451006438997,1.78,0.5357725503219498,-0.8033700154218991,0.28154761904761905,1.0849176344695182,50,89,1.2891860898485703
487,1.7745430449794775,1.9636363636363636,0.40545334067155697,-0.6844098548510313,0.2708333333333333,0.9552431881843647,55,108,1.2954561465837555
35,1.8914258606668473,2.0,0.44571293033342363,-0.8460591010597788,0.258452380952381,1.1045114820121598,49,98,1.2991844899250022
293,1.8745778828827493,1.6481481481481481,0.6132148673673006,-0.82152492730153,0.2698412698412699,1.0913661971428,54,89,1.2995104337716783
304,1.9762750212493394,1.7962962962962963,0.5899893624765216,-0.9662530316928065,0.2019047619047619,1.1681577935975684,54,97,1.299897899064375
156,1.8325199181043983,1.7254901960784315,0.5535148610129834,-0.7575893387658093,0.2526984126984127,1.010287751464222,51,88,1.3022073809683319
152,1.8936023344879054,1.8541666666666667,0.5197178339106193,-0.8421218487394959,0.2363095238095238,1.0784313725490198,48,89,1.3041170403702584
449,1.9839561532351284,1.8392857142857142,0.5723352194747071,-0.9699790047845878,0.1953968253968254,1.1653758301814132,56,103,1.3049708498859172
230,1.8487960884000487,2.061224489795918,0.3937857993020652,-0.769218338515909,0.26249999999999996,1.031718338515909,49,101,1.3103432514389124
148,1.969892311193453,1.8113207547169812,0.5792857782382359,-0.9315050471812745,0.23309523809523808,1.1646002852765125,53,96,1.317838778166561
463,1.870364855071043,2.0625,0.4039324275355215,-0.7881515543280249,0.2642857142857143,1.052437268613739,48,99,1.3186587670414256
232,1.9444589857801042,1.8928571428571428,0.5258009214614807,-0.8914375945143733,0.20773809523809522,1.0991756897524685,56,106,1.320452669620043
278,2.0276952397050376,1.9215686274509804,0.5530633061270287,-1.00981732418995,0.1745238095238095,1.1843411337137595,51,98,1.3208231127720726
68,1.7633072313638212,1.7843137254901962,0.48949675293681255,-0.630997923025101,0.33321428571428574,0.9642122087393867,51,91,1.3216086852462505
494,1.829627621908041,1.98,0.42481381095402043,-0.7240992066398996,0.32452380952380955,1.0486230161637091,50,99,1.3227581772601114
331,1.8006302521008402,1.9583333333333333,0.4211484593837535,-0.6804404928253451,0.3215079365079365,1.0019484293332817,48,94,1.3243219071230987
263,1.8989423177860603,1.6140350877192982,0.642453615033381,-0.8183207724343925,0.3032539682539682,1.1215747406883607,57,92,1.3261177770819854
407,1.9655392834895251,2.276595744680851,0.344471769404337,-0.9038213042226237,0.20714285714285713,1.1109641613654808,47,107,1.3328643705336884
417,1.8800368448755547,2.1136363636363638,0.38320024061959546,-0.7802299987594105,0.2753968253968254,1.0556268241562359,44,93,1.3338758457439672
13,1.9641448494005964,2.2093023255813953,0.37742126190960057,-0.8985448138199561,0.20238095238095238,1.1009257662009084,43,95,1.3351634797266272
479,1.8829941341084928,1.8846153846153846,0.4991893747465541,-0.7760031905738884,0.26666666666666666,1.042669857240555,52,98,1.339791900706771
270,1.9027028015507277,1.9591836734693877,0.47175956404067004,-0.8026006746784733,0.2772222222222222,1.0798228969006956,49,96,1.3408823292757965
216,1.9056103968429934,1.7413793103448276,0.5821155432490829,-0.8009925968280087,0.25773809523809527,1.058730692066104,58,101,1.3449155790633873
146,1.8913243635154156,1.6981132075471699,0.5966055779841228,-0.7775332307863212,0.27539682539682536,1.0529300561831465,53,90,1.3470511019649907
41,1.827282848289718,1.9019607843137254,0.46266103198799635,-0.6845299554930008,0.3034523809523809,0.9879823364453817,51,97,1.3481118794446176
101,1.7586454907388367,1.9019607843137254,0.4283423532125556,-0.5854006757342112,0.3219047619047619,0.9073054376389731,51,97,1.3488650177248889
111,1.8609504482855992,1.7894736842105263,0.5357383820375364,-0.730977141386203,0.2640873015873016,0.9950644429735045,57,102,1.349266449315257
413,1.8586209751944065,1.9574468085106382,0.45058708334188413,-0.7247925545222086,0.2843253968253968,1.0091179513476054,47,92,1.3512661870288605
145,2.0210841339627326,2.0851063829787235,0.46798887549200446,-0.9555992396958782,0.2155952380952381,1.1711944777911163,47,98,1.352164666175618
447,1.813533813290384,1.9555555555555555,0.4289891288674143,-0.6588824366675413,0.32777777777777783,0.9866602144453192,45,88,1.3523161076231052
349,1.9110391852880628,1.7818181818181817,0.5646105017349405,-0.7979434942955096,0.25749999999999995,1.0554434942955095,55,98,1.352478739281206
292,1.9309315521080226,1.9259259259259258,0.5025028130910484,-0.8237163326869208,0.24869047619047618,1.072406808877397,54,104,1.354330119227178
492,1.821870588681925,1.8867924528301887,0.46753906792586825,-0.6457838292549725,0.3136904761904762,0.9594743054454486,53,100,1.3698219082034444
433,1.8719516648928414,1.9259259259259258,0.4730128694834577,-0.715629155845874,0.3063492063492063,1.0219783621950804,54,104,1.3710112558007297
174,2.1269848270454697,2.1555555555555554,0.48571463574495716,-1.0769467787114846,0.13761904761904764,1.2145658263305321,45,97,1.3731220819474306
198,1.8972860702186385,2.0681818181818183,0.41455212601841007,-0.7416040005745889,0.2551984126984127,0.9968024132730016,44,91,1.3781632698164263
350,1.9631924455890521,1.934782608695652,0.5142049184467,-0.8341601432793342,0.26884920634920634,1.1030093496285405,46,89,1.3792803452935183
484,1.9101053934718306,1.8035714285714286,0.553266982450201,-0.7453530058888242,0.27714285714285714,1.0224958630316814,56,101,1.3883582893496538
411,2.038093132874077,1.9333333333333333,0.5523798997703719,-0.9274089635854341,0.19976190476190475,1.127170868347339,45,87,1.3889068583642732
336,1.807171365220146,2.2,0.30358568261007285,-0.5950554168452304,0.33829365079365076,0.9333490676388811,45,99,1.3906325734284848
261,1.9008357948779302,1.6923076923076923,0.604264051285119,-0.7239682355624003,0.2849206349206349,1.0088888704830352,52,88,1.39405802998425
477,1.9166036302878409,2.111111111111111,0.4027462595883648,-0.7460633424023518,0.28869047619047616,1.034753818592828,45,95,1.3943592906061946
464,1.915441199827559,1.5254237288135593,0.6950087355069998,-0.7343847914015724,0.27825396825396825,1.0126387596555406,59,90,1.4013718458464584
434,1.986217948717949,2.0208333333333335,0.48269230769230775,-0.8325103237171159,0.2666666666666666,1.0991769903837825,48,97,1.4034607221159678
90,1.9812324929971987,1.5714285714285714,0.7049019607843137,-0.8244245179442865,0.2661904761904762,1.0906149941347627,56,88,1.404135330436198
179,1.9772459652814813,1.8679245283018868,0.5546607184897973,-0.8036244782471198,0.26722222222222225,1.070846700469342,53,99,1.4147088305084976
415,1.9575615422728796,1.9107142857142858,0.5234236282792969,-0.7751887544938314,0.28634920634920635,1.0615379608430378,56,107,1.4149294141271977
354,1.9831865898828331,1.9019607843137254,0.5406129027845539,-0.8083259619637329,0.24642857142857139,1.0547545333923043,51,97,1.41735841650822
119,1.9397272069456768,1.891304347826087,0.5242114295597949,-0.7406321951394832,0.29523809523809524,1.0358702903775785,46,87,1.4212846703480386
424,2.074648713852172,1.9795918367346939,0.547528438558739,-0.926144801563237,0.2348412698412698,1.1609860714045068,49,97,1.426347352757906
365,1.9404096670247781,1.7358490566037736,0.6022803052105022,-0.7333819800514246,0.29761904761904756,1.0310010276704722,53,92,1.4270422809887808
443,1.961876794277486,2.0952380952380953,0.4333193495196953,-0.7567690182565773,0.2787698412698413,1.0355388595264186,42,88,1.432138481497882
190,1.9533706526823627,1.8928571428571428,0.5302567549126099,-0.7436644074695494,0.2869047619047619,1.0305691693743113,56,106,1.432805567453678
398,1.9932189175495454,1.830188679245283,0.5815151191521312,-0.7956033525875594,0.2682539682539682,1.0638573208415276,53,97,1.4362965707382538
362,1.9949204250251793,2.04,0.47746021251258963,-0.7973104575163401,0.26845238095238094,1.065762838468721,50,102,1.4368031047637413
191,2.05553198839052,2.26,0.39776599419526004,-0.8798762242027558,0.24761904761904763,1.1274952718218034,50,113,1.4396186314485908
364,2.098601688166905,2.1666666666666665,0.46596751075011944,-0.9314980450209581,0.27214285714285713,1.2036409021638153,48,104,1.4465530566522347
91,1.8713650184238417,1.6851851851851851,0.5930899166193283,-0.6049615961380668,0.3357142857142857,0.9406758818523524,54,91,1.447891901127195
61,2.0152817645433414,2.1363636363636362,0.4394590640898525,-0.8082923594969901,0.24083333333333332,1.0491256928303234,44,94,1.4494771128954484
286,1.8898459831346095,1.9607843137254901,0.46453083470455975,-0.6285277498559234,0.33214285714285713,0.9606706069987805,51,100,1.4498765582354631
211,2.0490054607701667,1.9090909090909092,0.5699572758396287,-0.8556082062454609,0.2617857142857143,1.1173939205311751,55,105,1.450079716398344
363,1.8315851845634952,1.5964912280701755,0.6175469782466598,-0.5408951399005643,0.35503968253968254,0.8959348224402468,57,91,1.4529585866331003
239,2.033308677146096,2.0714285714285716,0.4809400528587622,-0.8274546927204618,0.26678571428571424,1.094240407006176,42,87,1.4540903922417727
79,1.8396678018127643,2.0980392156862746,0.37081429306324487,-0.5444575931937915,0.35119047619047616,0.8956480693842677,51,107,1.4585474865771104
439,2.0951708683473385,2.0588235294117645,0.5181736694677871,-0.9046638655462185,0.2092857142857143,1.1139495798319328,51,105,1.4619061624649856
320,1.9879947690577202,1.8823529411764706,0.5528209139406248,-0.751461510530138,0.2861111111111111,1.037572621641249,51,96,1.4619717116866235
346,1.901026465855211,2.2448979591836733,0.32806425333576883,-0.6271631239908552,0.31845238095238093,0.9456155049432361,49,110,1.4620122790616124
242,1.9697443384133315,1.8823529411764706,0.5436956986184305,-0.723647602500916,0.2736111111111111,0.9972587136120271,51,96,1.4631910166626905
48,1.990863555514942,2.1555555555555554,0.4176539999796933,-0.7522832780157845,0.2876984126984127,1.0399816907141972,45,97,1.4642652609038929
217,1.874390423406946,1.7254901960784315,0.5744501136642572,-0.5829083987355613,0.3507539682539683,0.9336623669895296,51,88,1.4663545442920531
2,2.008710553824309,2.0434782608695654,0.48261614647737183,-0.7628561866513675,0.25515873015873014,1.0180149168100976,46,94,1.4747112231683517
89,1.9733312112379444,1.9803921568627452,0.4964695271875996,-0.7099271639348811,0.2875,0.9974271639348811,51,101,1.4763821964835278
18,2.0604252429185728,1.9583333333333333,0.5510459547926199,-0.833896936492748,0.2526984126984127,1.0865953491911606,48,94,1.4766973873736493
130,2.073855335962447,2.0454545454545454,0.514200395253951,-0.8530277319500325,0.2663888888888889,1.1194166208389214,44,90,1.4767359235974244
264,2.098977402055275,2.0,0.5494887010276375,-0.8849703649575771,0.244047619047619,1.1290179840051962,46,92,1.479498146584971
208,2.1619471857118917,1.78,0.6909735928559457,-0.9721104950511206,0.1986904761904762,1.1708009712415968,50,89,1.4814698391761074
409,2.0542271510015553,1.9111111111111112,0.5715580199452222,-0.8175646576575789,0.3026190476190477,1.1201837052766266,45,86,1.48193189064125
74,2.0585892002371105,2.1,0.4792946001185552,-0.8185183645603231,0.25011904761904763,1.0686374121793707,50,105,1.4856263450448843
20,1.9683313325330132,1.9215686274509804,0.5233813525410164,-0.688499066293184,0.27757936507936504,0.9660784313725491,51,98,1.4863819861277845
236,2.034860128016166,1.9777777777777779,0.528541175119194,-0.7658143339732896,0.27281746031746035,1.03863179429075,45,89,1.498790094234863
228,2.065954007359686,1.803921568627451,0.6310162193661174,-0.8084258330006009,0.26873015873015876,1.0771559917307596,51,92,1.5000559242592653
33,2.0888386538236,1.9130434782608696,0.5878975877813652,-0.8378896023311511,0.22452380952380951,1.0624134118549606,46,88,1.5023159321917943
19,1.966972666920042,2.148936170212766,0.40901824835363804,-0.6630843580369999,0.3075793650793651,0.9706637231163651,47,101,1.5028136162941421
225,2.034327671123487,1.8269230769230769,0.603702297100205,-0.7558139311516938,0.2762698412698412,1.032083772421535,52,95,1.5052579193173012
405,2.001560202922432,1.736842105263158,0.632359048829637,-0.7083884612497415,0.3333333333333333,1.0417217945830748,57,99,1.5056882800476132
460,1.9820071749556285,1.94,0.5210035874778143,-0.6718551851086723,0.30674603174603166,0.9786012168547039,50,97,1.511708545379558
78,2.039571984049325,1.9215686274509804,0.5590016782991724,-0.7441991534800383,0.27674603174603174,1.02094518522607,51,98,1.5186325766132984
284,2.0246573915921937,2.06,0.4823286957960969,-0.7221188209911797,0.3272619047619047,1.0493807257530845,50,103,1.519174216898368
30,2.0681582178185227,2.12,0.4740791089092612,-0.7744878114149051,0.2682539682539683,1.0427417796688734,50,106,1.5260167498280892
490,2.0956677785664017,1.98,0.5578338892832009,-0.8115732056845948,0.2808730158730159,1.0924462215576107,50,99,1.5275665345871854
281,1.9598194386665557,2.1041666666666665,0.4278263859999446,-0.6151994111175825,0.3457539682539682,0.9609533793715507,48,101,1.529179850884248
86,2.0772200233910882,2.0,0.5386100116955441,-0.7700673415854968,0.26369047619047614,1.033757817775973,47,94,1.5381728842812405
234,2.12535963791416,1.8125,0.6564298189570801,-0.835360450204178,0.2977380952380953,1.1330985454422733,48,87,1.5406073227712356
371,2.0861249758567055,2.0434782608695654,0.5213233574935702,-0.7781616827332938,0.2505952380952381,1.0287569208285319,46,94,1.5414117979433999
125,2.0094478648962735,1.9615384615384615,0.5239547016789061,-0.6631650747730786,0.32242063492063494,0.9855857096937136,52,102,1.5452323125551184
282,2.1454543917590367,2.2093023255813953,0.4680760330888208,-0.8567533390167664,0.21658730158730158,1.073340640604068,43,95,1.5457270544473003
375,1.9487537518733273,1.7454545454545454,0.601649603209391,-0.5725819672131148,0.363095238095238,0.9356772053083529,55,96,1.5479463748241469
194,2.151895493293765,1.8888888888888888,0.6315033022024381,-0.8599603402863976,0.2452380952380952,1.1051984355244928,54,102,1.5499232550932867
423,2.131860828554069,2.116279069767442,0.5077908793933135,-0.8229697263520793,0.22607142857142856,1.049041154923508,43,91,1.5557820201076136
369,2.13760124993297,2.0638297872340425,0.5368857313494637,-0.8168926952165223,0.2521031746031746,1.0689958698196969,47,97,1.5657763632814043
63,1.9992516915183907,1.6842105263157894,0.6575205826013006,-0.6157440925087985,0.3665873015873016,0.9823313940961,57,96,1.5682308267622318
481,2.1631306578706253,2.14,0.5115653289353125,-0.8463556710326914,0.22535714285714287,1.0717128138898342,50,107,1.5706816881477415
218,2.127356316103878,2.0,0.5636781580519391,-0.7894226319259354,0.26825396825396824,1.0576766001799036,47,94,1.5747604737557233
380,2.134388344189575,2.1875,0.4734441720947876,-0.7832584475946687,0.2700396825396825,1.0532981301343511,48,105,1.586107430873307
250,2.180852899971981,2.0,0.5904264499859905,-0.8418057121980203,0.2553571428571429,1.097162855055163,46,92,1.591588901433367
9,2.2181227661822174,1.9615384615384615,0.628292152321878,-0.8931697270559765,0.2113095238095238,1.1044792508655004,52,102,1.592903957243034
94,2.044995918811558,2.35,0.347497959405779,-0.6446729931565593,0.31726190476190474,0.9619348979184641,40,94,1.5937248236019665
470,2.097798580533504,2.6,0.248899290266752,-0.7197481732234055,0.2717857142857143,0.9915338875091197,45,117,1.5939748592771203
107,2.158970042348954,2.1219512195121952,0.5185094114183795,-0.7998375285815604,0.26456349206349206,1.0644010206450525,41,87,1.5990837723418618
468,1.9643667142579715,1.94,0.5121833571289858,-0.5199411017861595,0.36408730158730157,0.884028403373461,50,97,1.6004079430076599
344,2.1374411140974607,1.8333333333333333,0.6520538903820637,-0.7665660552038261,0.2761904761904762,1.0427565313943024,48,88,1.6008448754547824
249,2.151243640979745,2.4390243902439024,0.35610962536792123,-0.784153538639307,0.2607936507936508,1.0449471894329578,41,100,1.60233616393223
187,2.060389601765294,2.019607843137255,0.5203908793140195,-0.6480200115894004,0.33095238095238094,0.9789723925417814,51,103,1.6067755936527135
335,2.1418407679277243,2.090909090909091,0.5254658385093167,-0.7607936507936508,0.2534920634920635,1.0142857142857142,44,92,1.6092852123721686
158,2.130863945474804,1.9245283018867925,0.6031678217940057,-0.7385345394988598,0.2650793650793651,1.0036139045782249,53,102,1.6138897678256021
213,2.0909243256047576,2.04,0.5254621628023788,-0.6750738650835703,0.30972222222222223,0.9847960873057925,50,102,1.6183726200462585
289,2.195024996789703,2.0681818181818183,0.5634215893039423,-0.8132185552283593,0.2589285714285714,1.0721471266569307,44,91,1.6257720081298515
498,2.269616295916358,2.3658536585365852,0.45188131868988657,-0.9031900349992005,0.21321428571428572,1.1164043207134862,41,97,1.6373832714169179
27,2.15276206617752,2.021276595744681,0.5657427352164195,-0.7324338934246054,0.2841269841269841,1.0165608775515895,47,95,1.6400583407802962
226,2.1169913830634894,2.1136363636363638,0.5016775097135628,-0.6735875836160466,0.2849206349206349,0.9585082185366816,44,93,1.6454800745322569
42,2.0251056553619162,1.9423076923076923,0.541398981527112,-0.5408158236638143,0.35690476190476184,0.8977205855685761,52,101,1.6465345787972463
3,2.0952623246590707,2.127659574468085,0.48380137509549276,-0.637200837910922,0.3382936507936508,0.9754944887045728,47,100,1.6492217381214254
330,2.051965800379004,1.9574468085106382,0.547259495934183,-0.5750195402759078,0.3494047619047619,0.9244243021806697,47,92,1.6494521221858685
23,2.177126680689471,2.35,0.4135633403447354,-0.7498417566486185,0.283531746031746,1.0333735026803645,40,94,1.6522374510354378
87,2.1702261808698387,1.9245283018867925,0.6228489394915231,-0.7349532069237953,0.2748015873015873,1.0097547942253826,53,102,1.6557589360231821
386,2.2528158578380553,2.2857142857142856,0.4835507860618849,-0.8525658981541336,0.22896825396825396,1.0815341521223876,42,96,1.6560197291301617
307,2.216834545063287,2.3,0.4584172725316435,-0.7969111557666546,0.2494047619047619,1.0463159176714165,40,92,1.6589967360266287
379,2.119492710976469,1.9166666666666667,0.601413022154901,-0.6552690063029986,0.3315476190476191,0.9868166253506176,48,92,1.66080440656437
462,2.2604620071466472,2.0425531914893615,0.6089544078286429,-0.8462813246411494,0.2805952380952381,1.1268765627363875,47,96,1.6680650798978427
133,2.074203730272597,2.097560975609756,0.48832137733142034,-0.5786866564807741,0.34345238095238095,0.9221390374331551,41,86,1.669123070736055
135,2.1892249293185664,2.0851063829787235,0.5520592731699215,-0.7379513531030896,0.28095238095238095,1.0189037340554705,47,98,1.6726589821464037
382,2.212522436558177,1.8653846153846154,0.6735689105867809,-0.7700613186425161,0.31059523809523804,1.0806565567377542,52,97,1.6734795135084157
192,2.117650623855522,2.35,0.38382531192776115,-0.6245813560222613,0.3075396825396825,0.9321210385619437,40,94,1.6804436746399394
388,2.120131567710764,2.2264150943396226,0.44685823668557073,-0.6271578716232256,0.3272619047619047,0.9544197763851303,53,118,1.6811210575745061
123,2.167537112175152,2.0652173913043477,0.5511598604354022,-0.6891689047854077,0.2845238095238095,0.9736927143092172,46,95,1.6851188788253668
414,2.262965375340396,2.1739130434782608,0.5445261659310676,-0.8182057082720093,0.22353174603174603,1.0417374543037554,46,100,1.6902213795499894
410,2.249367952309129,2.0961538461538463,0.5766070530776413,-0.7960162532563145,0.27075396825396825,1.0667702215102828,52,109,1.6921565750297085
397,2.354037716245613,2.311111111111111,0.521463302567251,-0.9406602384543559,0.20821428571428569,1.1488745241686416,45,104,1.695575549327564
5,2.2542811670849865,2.2444444444444445,0.5049183613202711,-0.7973336547733847,0.244047619047619,1.0413812738210038,45,101,1.6961476087436171
428,2.1399912484022243,1.86,0.6399956242011122,-0.631031592965055,0.29166666666666663,0.9226982596317216,50,93,1.698269133326686
151,2.171442370633118,1.9259259259259258,0.6227582223535959,-0.6687787971975094,0.30738095238095237,0.9761597495784617,54,104,1.7032972125948613
372,2.1760290908816358,1.849056603773585,0.6634862435540254,-0.6738195722878177,0.32063492063492066,0.9944544929227384,53,98,1.7043553902801634
17,2.212577412673438,1.9,0.6562887063367192,-0.725015111307681,0.2689285714285714,0.9939436827362524,50,95,1.7050668347580613
209,2.159811426458777,2.268292682926829,0.4457593717659741,-0.6404144253839146,0.3068253968253968,0.9472398222093114,41,93,1.7115213286900368
245,2.2620694484690427,2.125,0.5685347242345214,-0.7819376831192247,0.27996031746031746,1.0618980005795422,56,119,1.7147130702855855
162,2.2083694083694088,2.1,0.5541847041847042,-0.7009663865546216,0.3427777777777778,1.0437441643323995,40,84,1.7176929377811736
139,2.3847752071656947,2.6222222222222222,0.3812764924717363,-0.9526694186446507,0.20238095238095238,1.155050371025603,45,118,1.7179066141144392
38,2.310873904707603,2.2244897959183674,0.5431920543946178,-0.8451046390199117,0.244047619047619,1.0891522580675308,49,109,1.7193006573936649
252,2.186459114690365,2.25,0.46822955734518246,-0.6593386760255364,0.3340079365079365,0.9933466125334729,48,108,1.7249220414724895
116,2.2539797837014,2.3043478260869565,0.47481597880722165,-0.7530029884538032,0.27940476190476193,1.0324077503585651,46,106,1.7268776917837378
164,2.36383246130345,2.425,0.4694162306517252,-0.8731532430577307,0.25011904761904763,1.1232722906767783,40,97,1.7526251911630386
318,2.327130827826332,2.196078431372549,0.5655261982268913,-0.8164148346698288,0.24833333333333335,1.064748168003162,51,112,1.7556404435574517
367,2.254210383713268,1.9423076923076923,0.6559513457027877,-0.7097126028052061,0.30793650793650795,1.017649110741714,52,101,1.7574115617496235
327,2.32244694429398,2.2244897959183674,0.5489785741878065,-0.8024633477244107,0.24702380952380948,1.0494871572482203,49,109,1.7607226008868926
124,2.256634453781513,1.8214285714285714,0.7176029411764706,-0.7051820728291317,0.3023809523809523,1.007563025210084,56,102,1.7630070028011207
404,2.327894554915872,2.3555555555555556,0.4861694996801583,-0.8042910267555297,0.24166666666666664,1.0459576934221964,45,106,1.7648908361870013
175,2.2765280744464196,1.9772727272727273,0.6496276735868463,-0.7281508728351976,0.30940476190476185,1.0375556347399595,44,87,1.7668224634617813
186,2.264644662261248,1.9574468085106382,0.653598926875305,-0.7064947340970357,0.3103571428571429,1.0168518769541786,47,92,1.7700983483933233
181,2.2315152121333925,2.3333333333333335,0.4490909394000294,-0.6588640739586028,0.27789682539682536,0.9367608993554282,39,91,1.7703103603623707
114,2.359047261457775,2.45,0.45452363072888724,-0.8314347214062932,0.22674603174603175,1.0581807531523248,40,98,1.7770429564733696
176,2.3748046673220338,2.7142857142857144,0.3302594765181597,-0.8523285698460175,0.2487301587301587,1.1010587285761761,42,114,1.7781746684298216
184,2.3804735015889236,2.3255813953488373,0.5274460531200432,-0.8595646170114635,0.2521825396825397,1.1117471566940031,43,100,1.7787782696808991
244,2.417416461534109,2.196078431372549,0.6106690150807798,-0.9104385810268162,0.20952380952380953,1.1199623905506257,51,112,1.7801094548153378
154,2.3199011697005236,2.2045454545454546,0.5576778575775345,-0.7695825159821521,0.28119047619047616,1.0507729921726283,44,97,1.7811934085130172
473,2.355912779733056,2.6363636363636362,0.3597745716847099,-0.8198350927864112,0.2446825396825397,1.064517632468951,44,116,1.7820282147825681
469,2.3233296185857855,2.0,0.6616648092928928,-0.7707950563738042,0.265079365079365,1.0358744214531692,51,102,1.7837730791241224
224,2.291642050759698,2.475,0.40832102537984893,-0.7247198879551823,0.28928571428571426,1.0140056022408965,40,99,1.7843381291910707
419,2.3747793196481295,2.58974358974359,0.3925178649522697,-0.8375940640282515,0.2375,1.0750940640282516,39,101,1.7884634748283534
394,2.4337153043035396,2.1818181818181817,0.625948561242679,-0.9159782700959171,0.20444444444444443,1.1204227145403616,44,96,1.7925305152363977
142,2.283879522703052,2.5,0.3919397613515261,-0.6967975751412283,0.3226190476190476,1.019416622760276,38,95,1.7961212201041925
329,2.31145643974996,1.9807692307692308,0.6653436044903647,-0.7307075243890659,0.26246031746031745,0.9931678418493833,52,103,1.7999611726776141
29,2.238351183647543,1.9433962264150944,0.6474774786162243,-0.6244115935952964,0.3196428571428571,0.9440544507381535,53,103,1.8012630681308357
377,2.3774614291464387,2.1136363636363638,0.6319125327550374,-0.8079411713282219,0.2698412698412698,1.0777824411694916,44,93,1.8119026092166834
457,2.380915892168937,2.4210526315789473,0.4799316302949947,-0.8104091420544152,0.2686507936507937,1.0790599357052089,38,92,1.8136294927308463
435,2.2395266494426096,2.30188679245283,0.46881992849488974,-0.6072759087003772,0.30753968253968256,0.9148155912400597,53,122,1.8144335133523457
138,2.3322095520130253,2.017543859649123,0.6573328461819512,-0.7386111538436884,0.2648809523809524,1.0034921062246407,57,115,1.8151817443224434
357,2.3270835188471097,2.12,0.6035417594235548,-0.730809944947647,0.28154761904761905,1.012357563995266,50,106,1.815516557383757
497,2.3066002687245897,2.227272727272727,0.5396637707259314,-0.6899712673087995,0.30999999999999994,0.9999712673087995,44,98,1.82362038160843
361,2.431601107679539,2.6923076923076925,0.3696467076859234,-0.866469810146281,0.21202380952380953,1.0784936196700905,39,105,1.8250722405771427
268,2.3034111600701364,2.1818181818181817,0.5607964891259773,-0.6787581699346406,0.29007936507936505,0.9688375350140056,44,96,1.828280441115888
235,2.210647801567777,2.06,0.5753239007838884,-0.5445869041732627,0.35587301587301584,0.9004599200462785,50,103,1.829436968646493
333,2.3671228334111243,2.0816326530612246,0.6427450901749499,-0.7655348573537942,0.2763888888888889,1.0419237462426831,49,102,1.8312484332634682
229,2.420298417998137,2.090909090909091,0.664694663544523,-0.8317093891820295,0.2533730158730159,1.0850824050550454,44,92,1.838101845570716
50,2.464782159268499,2.255813953488372,0.6044841028900634,-0.8890984169033865,0.2509523809523809,1.1400507978557675,43,97,1.8424132674361284
425,2.3044451268879644,1.9183673469387754,0.6930388899745945,-0.6596082094179745,0.32896825396825397,0.9885764633862284,49,94,1.8427193802953823
303,2.2190805994672873,2.1627906976744184,0.5281449508964344,-0.5319065817276079,0.3490079365079365,0.8809145182355443,43,93,1.8467459922579619
306,2.516914356812055,2.608695652173913,0.45410935231907096,-0.953354800936768,0.22392857142857142,1.1772833723653395,46,120,1.8495659961563173
445,2.2698994847601655,2.2941176470588234,0.4878909188506711,-0.592889061216225,0.3296428571428571,0.9225319183590821,51,117,1.854877141908808
277,2.4720537202573736,2.5,0.4860268601286868,-0.8815560675883257,0.21261904761904762,1.0941751152073733,40,100,1.8549644729455457
441,2.5778206776059642,2.130434782608696,0.7236929474986342,-1.0296020700770427,0.17809523809523808,1.2076973081722808,46,98,1.8570992285520345
28,2.6040580318536057,2.525,0.5395290159268029,-1.0664701615604355,0.14642857142857144,1.2128987329890069,40,101,1.8575289187613009
392,2.3527268483150836,2.475,0.4388634241575418,-0.6904399032340208,0.2949603174603175,0.9854002206943383,40,99,1.869418916051269
100,2.334128056276394,2.6,0.3670640281381969,-0.6597749579207379,0.29007936507936505,0.949854323000103,45,117,1.8722855857318774
472,2.2795602536997888,2.272727272727273,0.5034164904862579,-0.5813018547799669,0.33749999999999997,0.9188018547799668,44,100,1.872648955353812
290,2.545759770993037,2.619047619047619,0.46335607597270884,-0.9529544795974816,0.22452380952380951,1.1774782891212912,42,110,1.8786916352747998
72,2.420728291316527,2.215686274509804,0.6025210084033613,-0.7675103868310533,0.2648412698412698,1.0323516566723232,51,113,1.8834710205347895
24,2.3991622103386807,2.1818181818181817,0.6086720142602495,-0.7334640522875816,0.2848412698412698,1.0183053221288514,44,96,1.8857373737373737
420,2.421612468920517,2.6,0.4108062344602585,-0.7650985753607238,0.28226190476190477,1.0473604801226286,40,104,1.8860434661680106
383,2.3877939638141554,2.108695652173913,0.6395491558201212,-0.7137424890400542,0.29055555555555557,1.0042980445956098,46,97,1.8881742214861175
450,2.4434379371344157,2.488372093023256,0.47753292205558007,-0.7842518495541271,0.2884126984126984,1.0726645479668255,43,107,1.8944616424465268
322,2.453796012918188,2.302325581395349,0.5757352157614195,-0.7965499937786599,0.2681746031746032,1.064724596953263,43,99,1.8962110172731261
202,2.4037370868831545,2.1666666666666665,0.6185352101082439,-0.7247205839985086,0.28035714285714286,1.0050777268556514,42,91,1.8964326780841985
207,2.4843997400914795,2.696969696969697,0.3937150215608912,-0.8362973143538702,0.28035714285714286,1.116654457211013,33,89,1.8989916200437702
476,2.5010575437071383,2.71875,0.39115377185356903,-0.8566188544383271,0.2505952380952381,1.1072140925335652,32,87,1.9014243456003093
387,2.3569262600144953,2.24,0.5584631300072476,-0.6495491763138822,0.3303571428571428,0.979906319171025,50,112,1.902241836594778
199,2.484577589599661,2.255813953488372,0.6143818180556444,-0.8294793218973836,0.23154761904761903,1.0610269409450026,43,97,1.9039420642714924
267,2.4774603725056714,2.5652173913043477,0.45612149060066176,-0.8171794438290958,0.24761904761904763,1.0647984914481434,46,118,1.9054347618253042
80,2.3623909256553466,2.06,0.6511954628276732,-0.6481710797692078,0.32333333333333336,0.9715044131025412,50,103,1.908671169816901
395,2.3692242114237,2.0217391304347827,0.6737425404944586,-0.6502525083108368,0.2861111111111111,0.9363636194219479,46,93,1.9140474556061142
474,2.3540414897460042,2.372093023255814,0.4909742332450951,-0.6264350701520919,0.33492063492063495,0.9613557050727268,43,102,1.91553694063954
339,2.41068117864995,2.7142857142857144,0.3481977321821177,-0.6916868642193721,0.3142857142857142,1.0059725785050864,35,95,1.9265003736963893
406,2.562436853048329,2.2093023255813953,0.6765672637334667,-0.9079710718158411,0.24571428571428572,1.153685357530127,43,95,1.92685710277724
389,2.4359558874353753,2.1914893617021276,0.6222332628666238,-0.7256774725553101,0.2700396825396825,0.9957171550949926,47,103,1.9279816566466583
291,2.5168210871698427,2.227272727272727,0.6447741799485578,-0.8361388409177806,0.2498015873015873,1.0859404282193679,44,98,1.9315238985273964
360,2.4837014864461135,2.2888888888888888,0.5974062987786125,-0.7689181769073354,0.2775,1.0464181769073355,45,103,1.9454587626109787
163,2.439969630603355,2.0851063829787235,0.6774316238123157,-0.7037241330640782,0.3061507936507937,1.009874926714872,47,98,1.9473627374585
314,2.4260921742079278,2.3958333333333335,0.515129420437297,-0.6834193376488368,0.2932539682539682,0.976673305902805,48,115,1.9476986378537422
237,2.4656880472802722,2.18,0.6428440236401362,-0.7365673741080042,0.28809523809523807,1.0246626122032423,50,109,1.9500908854046695
113,2.3902508275579804,2.347826086956522,0.5212123703007293,-0.6276421045396376,0.33531746031746035,0.962959564857098,46,108,1.950901354380234
233,2.3495127417156074,2.627906976744186,0.36080288248571074,-0.565384842733224,0.363095238095238,0.928480080828462,43,113,1.9537433518023506
459,2.4693043678195017,2.2888888888888888,0.5902077394653065,-0.7340688767416352,0.26666666666666666,1.0007355434083018,45,103,1.955456154100357
108,2.4895284969588376,2.022222222222222,0.7336531373683076,-0.7606676348094558,0.3185714285714286,1.0792390633808844,45,91,1.9570611525922186
110,2.484922842039705,2.325,0.5799614210198525,-0.7505467288468552,0.2801190476190476,1.0306657764659028,40,93,1.9595401318469066
31,2.484928947446009,2.658536585365854,0.41319618104007755,-0.7501366229895502,0.28055555555555556,1.0306921785451058,41,109,1.9598333113533237
279,2.5531792084983578,2.2,0.6765896042491788,-0.8381795697002206,0.24357142857142855,1.0817509982716491,45,99,1.9664535097082034
81,2.551373410150421,2.404255319148936,0.5735590455007425,-0.8251507327339397,0.22420634920634921,1.0493570819402889,47,113,1.9737678972366632
203,2.4614226816352938,2.5869565217391304,0.4372330799480816,-0.6940826330532215,0.2744047619047619,0.9684873949579833,46,119,1.9755648384980389
483,2.4418438260274815,2.207547169811321,0.6171483281080804,-0.6489084551499413,0.326984126984127,0.9758925821340683,53,117,1.9876079074225226
493,2.445153250645029,2.382978723404255,0.5310872636203869,-0.6527419588525066,0.2863095238095238,0.9390514826620304,47,112,1.9882338794482743
238,2.533520820012387,2.604651162790698,0.4644348286108445,-0.7777963013162255,0.2691269841269841,1.0469232854432096,43,112,1.9890634090910293
297,2.6044334115668,2.3863636363636362,0.6090348876015819,-0.8771031746031746,0.24988095238095237,1.126984126984127,44,105,1.9904611893445778
338,2.491582460490023,2.5384615384615383,0.47656046101424254,-0.7149099033552817,0.2781746031746032,0.9930845065298849,39,99,1.9911455281413262
446,2.442482306932435,2.4,0.5212411534662175,-0.6433944195527181,0.326984126984127,0.9703785465368451,45,108,1.9921062132455325
432,2.640246098439375,1.9591836734693877,0.8405312124849939,-0.9154621848739496,0.21619047619047618,1.1316526610644257,49,96,1.9994225690276104
421,2.5326015156329333,2.5652173913043477,0.48369206216429295,-0.750890515225599,0.2869047619047619,1.037795277130361,46,118,2.0069781549750143
95,2.600019813480071,2.575,0.5125099067400354,-0.8217744153552264,0.25476190476190474,1.0765363201171312,40,103,2.0247777227314123
285,2.515749967853928,2.4047619047619047,0.5554940315460117,-0.6926762371615315,0.2781746031746032,0.9708508403361347,42,101,2.030876601840856
112,2.49710407239819,2.4,0.548552036199095,-0.6617045536163184,0.3259920634920635,0.9876966171083819,35,84,2.033910884866767
471,2.5789524675849718,2.425,0.576976233792486,-0.7747916432306111,0.27083333333333337,1.0456249765639445,40,97,2.036598317323544
422,2.5666900249508946,2.5434782608695654,0.5116058820406646,-0.7564365373188903,0.28134920634920635,1.0377857436680966,46,117,2.0371844488276714
408,2.4129539769089208,2.5384615384615383,0.4372462192236911,-0.5204852250377909,0.37996031746031744,0.9004455424981084,39,99,2.0486143193824673
467,2.6204345514176763,2.3902439024390243,0.615095324489326,-0.8133171317307409,0.2885714285714286,1.1018885603021695,41,98,2.0511125592061576
378,2.715505323410829,2.5,0.6077526617054144,-0.935953732370141,0.19162698412698415,1.1275807164971252,38,95,2.0603377107517304
296,2.5179079330870087,2.239130434782609,0.6393887491521998,-0.6402016612237245,0.3059523809523809,0.9461540421761054,46,103,2.0697667702304017
321,2.6995089676348227,2.4594594594594597,0.6200247540876817,-0.8972473604826547,0.25119047619047613,1.148437836673131,37,91,2.0714358152969643
298,2.6955675865365825,2.65,0.5227837932682914,-0.8889541525964062,0.22654761904761905,1.1155017716440252,40,106,2.0732996797190983
134,2.7089406671759613,2.4318181818181817,0.6385612426788898,-0.8931699762884476,0.24162698412698416,1.1347969604154318,44,107,2.0837216837740478
26,2.67984693877551,2.5625,0.5586734693877551,-0.8445802161593405,0.22988095238095235,1.074461168540293,48,123,2.088640787463972
368,2.6522785045800106,2.3404255319148937,0.6559264863325585,-0.7970261437908496,0.23976190476190476,1.0367880485527543,47,110,2.0943602039264158
376,2.5965186389021016,2.5,0.5482593194510509,-0.7162148098233004,0.3015873015873015,1.017802111410602,48,120,2.0951682720257914
444,2.625256464321912,2.7941176470588234,0.4155694086315441,-0.7438054585673202,0.30337301587301585,1.047178474440336,34,95,2.104592643324788
32,2.7529628021050856,2.4318181818181817,0.6605723101434521,-0.9036103410637637,0.2300793650793651,1.1336897061431288,44,107,2.1204355633604512
287,2.6259414153258205,2.511627906976744,0.5571567541745381,-0.709141527317998,0.3202380952380952,1.0293796225560932,43,108,2.129542346203222
323,2.656621009908977,2.4166666666666665,0.6199771716211552,-0.7508853833102996,0.2706349206349207,1.0215203039452203,48,116,2.1310012415917674
22,2.5538711702844106,2.744186046511628,0.4048425618863913,-0.601072884575237,0.34571428571428575,0.9467871702895228,43,118,2.133120151081745
259,2.5956845768610477,2.5714285714285716,0.512128002716238,-0.6513344226579518,0.32043650793650796,0.9717709305944598,42,108,2.1397504810004815
265,2.821323763955343,2.606060606060606,0.6076315789473685,-0.9729222789594307,0.21928571428571425,1.192207993245145,33,86,2.1402781686837415
455,2.713356937358129,2.7837837837837838,0.46478657678717267,-0.814390182995266,0.24773809523809526,1.0621282782333612,37,103,2.143283809261443
466,2.6530951281379007,2.4615384615384617,0.5957783332997194,-0.725598383273905,0.2707142857142857,0.9963126689881907,39,96,2.145176259846167
161,2.655646878185361,2.5365853658536586,0.5595307561658511,-0.727809265392649,0.27341269841269844,1.0012219638053474,41,104,2.1461803924105065
370,2.7374432651472502,2.710526315789474,0.5134584746788882,-0.8420721752198335,0.2489285714285714,1.0910007466484049,38,103,2.1479927424933667
104,2.747769877181642,2.888888888888889,0.4294404941463766,-0.8564382676147382,0.26111111111111107,1.1175493787258493,45,130,2.148263089851325
486,2.61522612402352,2.441860465116279,0.5866828294536205,-0.6520911813001062,0.3187301587301587,0.970821340030265,43,105,2.1587622971134457
453,2.7590317613469257,2.477272727272727,0.6408795170370993,-0.8517411863652196,0.27738095238095234,1.1291221387461718,44,109,2.1628129308912722
177,2.7225777490483374,2.676470588235294,0.5230535804065216,-0.7943767507002799,0.2565476190476191,1.050924369747899,34,91,2.1665140235581415
452,2.7563196566420523,2.5789473684210527,0.5886861441104997,-0.840860238832375,0.2578571428571429,1.098717381689518,38,98,2.16771748945939
153,2.738837215033323,2.727272727272727,0.5057822438802978,-0.8117848729434711,0.26325396825396824,1.0750388411974394,33,90,2.170587803972893
215,2.728082544154259,2.7837837837837838,0.4721493801852377,-0.7863406036571932,0.2563492063492063,1.0426898100063995,37,103,2.177644121594224
257,2.8220327552851034,2.590909090909091,0.6155618321880063,-0.9192975142439083,0.23904761904761904,1.1583451332915273,44,114,2.1785244953143676
254,2.782234406959265,2.3181818181818183,0.7320262943887232,-0.8573457535506872,0.244047619047619,1.1013933725983063,44,102,2.182092379473784
109,2.686332435650545,2.409090909090909,0.6386207632798179,-0.7148495338672919,0.3032539682539682,1.01810350212126,44,106,2.185937761943441
309,2.736021504172281,2.239130434782609,0.7484455346948361,-0.7840935451850644,0.2601190476190476,1.044212592804112,46,103,2.187156022542736
129,2.7132322443797854,2.4545454545454546,0.6293433949171654,-0.7508280525324882,0.2517857142857143,1.0026137668182025,44,108,2.1876526076070437
103,2.6827357978764628,2.5869565217391304,0.5478896380686662,-0.6957225617519734,0.2967857142857143,0.9925082760376878,46,119,2.1957300046500814
348,2.7508183138807256,2.8157894736842106,0.4675144200982574,-0.7882669048927983,0.288452380952381,1.0767192858451793,38,107,2.199031480455767
353,2.653644786585963,2.1538461538461537,0.7498993163699046,-0.6365141836868592,0.337936507936508,0.9744506916233672,52,112,2.2080848580051615
65,2.881302142478613,2.466666666666667,0.7073177379059732,-0.9607782572488455,0.1961904761904762,1.1569687334393217,45,111,2.2087573624044214
55,2.8540981644411025,2.409090909090909,0.7225036276750967,-0.9217313895255073,0.20630952380952378,1.128040913335031,44,106,2.2088861917732476
37,2.8001927327164515,2.8378378378378377,0.48117744743930696,-0.8446173308032893,0.2314285714285714,1.0760459022318607,37,105,2.208960601154149
400,2.8056484480765818,2.764705882352941,0.5204712828618204,-0.8487165268386159,0.22734126984126984,1.0760577966798857,34,94,2.2115468792895507
312,2.7382823451058744,2.46,0.6391411725529372,-0.7517880485527545,0.2837301587301587,1.0355182072829132,50,123,2.2120307111189463
168,2.6657101422676623,2.3877551020408165,0.6389775201134228,-0.632573245116711,0.32519841269841265,0.9577716578151236,49,117,2.2229088706859645
341,2.686047194772448,2.7551020408163267,0.46547257697806055,-0.6495698279311726,0.30642857142857144,0.955998399359744,49,135,2.231348315220627
347,2.685233261153161,2.297872340425532,0.6936804603638145,-0.6403136692029058,0.3375,0.9778136692029058,47,108,2.237013692711127
159,2.8377115386659533,2.8947368421052633,0.47148734828034494,-0.8544444956666053,0.24107142857142855,1.095515924238034,38,110,2.2396003916993297
147,2.7727603270773757,2.5,0.6363801635386879,-0.7576396969044028,0.2700396825396825,1.0276793794440853,42,105,2.242412539244294
188,2.8330304992863766,2.5306122448979593,0.6512091271942086,-0.8421182617719619,0.21805555555555553,1.0601738173275175,49,124,2.2435477160460033
454,2.773043444622042,2.738095238095238,0.517474103263402,-0.7477999698473783,0.25357142857142856,1.0013713984188068,42,115,2.2495834657288776
117,2.85140484557106,2.914285714285714,0.4685595656426728,-0.8507352941176473,0.22321428571428573,1.073949579831933,35,102,2.2558901396887068
69,2.807497070364807,2.3947368421052633,0.706380114129772,-0.7863165026101397,0.271468253968254,1.0577847565783938,38,91,2.257075518537709
120,2.8982625470204484,2.9166666666666665,0.49079794017689105,-0.902712824260139,0.21404761904761904,1.116760443307758,36,105,2.266363570038351
128,2.8059666319012617,3.121212121212121,0.3423772553445702,-0.7684160341056543,0.25357142857142856,1.0219874626770828,33,103,2.268075408027304
219,2.9073898797996978,2.7804878048780486,0.5634510374608246,-0.9063629662391272,0.22976190476190475,1.1361248710010319,41,114,2.2729358034323086
77,2.8952515018077554,2.7837837837837838,0.5557338590119858,-0.8883153801186354,0.2363095238095238,1.1246249039281593,37,103,2.2734307357247108
248,2.8739744105051965,2.903225806451613,0.48537430202679166,-0.8440108731664708,0.24642857142857144,1.0904394445950423,31,90,2.283166799288667
46,2.759099250600305,2.6,0.5795496253001523,-0.6787300865096004,0.28253968253968254,0.961269769049283,40,104,2.2839881900435848
62,2.7775764620402716,2.658536585365854,0.559519938337209,-0.6953347833228878,0.32876984126984127,1.024104624592729,41,109,2.29084211371425
358,2.947579136206312,2.9166666666666665,0.5154562347698227,-0.9212885154061623,0.20857142857142857,1.129859943977591,36,105,2.302677175421999
73,2.787234559773113,2.8857142857142857,0.4507601370294136,-0.6638124670157919,0.30091269841269835,0.9647251654284903,35,101,2.322565832862059
14,2.7860880870456635,2.3636363636363638,0.7112258617046499,-0.6573153530087843,0.32162698412698415,0.9789423371357685,44,104,2.3259673399395147
173,2.810894693510366,2.717391304347826,0.5467516945812697,-0.670159762022352,0.2975,0.9676597620223519,46,125,2.3417828600947193
351,2.914732303024362,2.75,0.5823661515121811,-0.8096565582754842,0.23809523809523808,1.0477517963707224,40,110,2.347972712231523
401,2.824827341222406,2.8205128205128207,0.5021572603547926,-0.6651877800779515,0.34678571428571425,1.0119734943636658,39,110,2.35919589516784
137,2.9416515684287896,2.975,0.48332578421439487,-0.8184548145499335,0.2615873015873016,1.080042116137235,40,119,2.368733198243836
210,2.88023002822142,2.871794871794872,0.5042175782132741,-0.7272949304800093,0.29968253968253966,1.026977470162549,39,112,2.3711235768854135
325,2.8871720445689992,2.7435897435897436,0.5717911504896278,-0.7298402851680834,0.30277777777777776,1.0326180629458612,39,107,2.376283844951341
437,2.9696913140719716,2.4347826086956523,0.7674543526881596,-0.838966896836254,0.24654761904761907,1.085514515883873,46,112,2.382414486286594
45,2.808514488023917,2.3513513513513513,0.7285815683362827,-0.6065037014124202,0.33103174603174607,0.9375354474441663,37,87,2.3839618970352228
324,3.139538950169708,2.769230769230769,0.6851540904694696,-1.0789242620124972,0.16773809523809524,1.2466623572505926,39,108,2.3842919667609603
205,2.940959797156788,2.86046511627907,0.5402473404388589,-0.7877081046069403,0.2646825396825397,1.05239064428948,43,123,2.3895641239319296
402,2.877636405362262,2.7435897435897436,0.5670233308862592,-0.6742327839980634,0.33571428571428574,1.0099470697123492,39,107,2.4056734565636173
499,2.946205706374421,2.707317073170732,0.6194443166018446,-0.7566295355505882,0.270436507936508,1.0270660434870962,41,111,2.4165650314890095
381,2.869999938270145,2.2888888888888888,0.7905555246906282,-0.6336730752907225,0.3348015873015873,0.9684746625923097,45,103,2.4264287855666393
195,3.0500840336134454,2.914285714285714,0.5678991596638656,-0.8783496732026144,0.24742063492063493,1.1257703081232493,35,102,2.4352392623716153
340,2.896176295397999,2.6666666666666665,0.6147548143656663,-0.6426573134453254,0.3492063492063492,0.9918636626516746,36,96,2.4463161759862713
21,2.9750941290032875,2.911764705882353,0.5316647115604674,-0.7225147075147075,0.2897619047619048,1.0122766122766123,34,99,2.469333833742992
59,2.9533179272585794,2.975609756097561,0.48885408558050913,-0.6636691344521218,0.33559523809523806,0.9992643725473599,41,122,2.4887495331420944
345,3.0451314060315013,3.1142857142857143,0.46542284587289345,-0.7587261810720831,0.2526984126984127,1.0114245937704958,35,109,2.514023079281043
246,3.014292861343896,2.8421052631578947,0.5860937990930007,-0.6696127946127945,0.30436507936507934,0.9739778739778739,38,108,2.54556390511494
396,3.1352308372741806,3.128205128205128,0.5035128545345263,-0.8136554621848741,0.225,1.038655462184874,39,122,2.565672013744769
212,3.048429878178095,2.8055555555555554,0.6214371613112698,-0.6856106650070779,0.33242063492063495,1.0180312999277128,36,101,2.5685024126731406
391,3.004657167214712,2.738095238095238,0.6332809645597369,-0.6140513741728575,0.34186507936507937,0.9559164535379369,42,115,2.574821205293712
319,3.217902506042408,2.90625,0.655826253021204,-0.9177178519631584,0.24027777777777776,1.1579956297409362,32,93,2.5755000096681973
10,3.160568515031431,2.948717948717949,0.605925283156741,-0.8196592985020096,0.22607142857142856,1.0457307270734382,39,115,2.5868070060800243
271,3.0607179945068275,2.8421052631578947,0.6093063656744665,-0.6575385772193716,0.3119047619047619,0.9694433391241335,38,108,2.6004409904532673
180,3.1179625735513152,2.658536585365854,0.7297129940927307,-0.7263187221438239,0.2755555555555555,1.0018742776993794,41,109,2.6095394680506385
122,3.080638847631004,3.108108108108108,0.4862653697614482,-0.6722127268986692,0.28968253968253965,0.9618952665812088,37,115,2.6100899388019356
426,3.0986067608861725,3.28125,0.4086783804430863,-0.6503808189942644,0.28865079365079366,0.939031612645058,32,105,2.6433401875901876
491,3.200826347889449,2.7948717948717947,0.7029772765088272,-0.7901712745589022,0.3119047619047619,1.1020760364636641,39,109,2.6477064556982173
355,3.133367033536096,2.951219512195122,0.591073760670487,-0.6801579702037318,0.310515873015873,0.9906738432196048,41,121,2.6572564543934836
34,3.1868310392061074,3.1142857142857143,0.5362726624601966,-0.7361526626608954,0.2984126984126984,1.0345653610735939,35,109,2.671524175343481
326,3.180660120169801,3.026315789473684,0.5771721653480585,-0.7241548090186817,0.2781746031746032,1.0023294121932849,38,115,2.673751753856724
253,3.3490235163832973,3.5,0.4245117581916487,-0.8646328096455972,0.24539682539682542,1.1100296350424226,30,105,2.743780549631379
343,3.3523565407712446,3.108108108108108,0.6221242163315683,-0.8473303649818135,0.2454761904761905,1.092806555458004,37,115,2.759225285283975
451,3.223381256355494,3.1944444444444446,0.5144684059555248,-0.643593417218425,0.3375,0.981093417218425,36,115,2.7728658643025965
40,3.4064420431208564,3.323529411764706,0.5414563156780752,-0.8911885614241157,0.2113888888888889,1.1025774503130046,34,113,2.782610050123975
334,3.292232894265092,3.1578947368421053,0.5671690787114934,-0.7279878378394575,0.298015873015873,1.0260037108553306,38,120,2.7826414077774717
201,3.254513187985041,3.1470588235294117,0.5537271822278147,-0.662795745586684,0.3271825396825397,0.9899782852692237,34,107,2.7905561660743623
12,3.388775245601681,3.1666666666666665,0.6110542894675073,-0.8007522248008213,0.27341269841269844,1.0741649232135198,36,114,2.828248688241106
178,3.3060996603142323,3.1666666666666665,0.569716496823783,-0.6740881250102467,0.2857142857142857,0.9598024107245324,36,114,2.8342379728070597
150,3.320265771102392,3.2222222222222223,0.5490217744400849,-0.6619230226487925,0.3025,0.9644230226487925,36,116,2.8569196552482374
442,3.2748070389256556,3.15625,0.5592785194628279,-0.5930947713744126,0.3583333333333333,0.9514281047077459,32,101,2.8596406989635668
155,3.342107682622758,3.3666666666666667,0.48772050797804545,-0.6684807217339668,0.29595238095238097,0.9644331026863477,30,101,2.8741711774089813
436,3.3734819166338044,3.0833333333333335,0.6450742916502354,-0.6098836651777826,0.3242063492063492,0.9340900143841319,36,111,2.9465633510093565
418,3.5262983469523763,3.4375,0.5443991734761882,-0.6962977386076381,0.30142857142857143,0.9977263100362095,32,110,3.0388899299270298
352,3.5790685672830653,3.606060606060606,0.48650398061122974,-0.7578727966488439,0.2898015873015873,1.0476743839504312,33,119,3.0485576096288747
141,3.614002797180757,3.3333333333333335,0.6403347319237118,-0.7733855709926771,0.27706349206349207,1.0504490630561691,30,100,3.0726328974858834
118,3.5686441544195557,3.4571428571428573,0.5557506486383492,-0.6984458797293022,0.2746031746031746,0.9730490543324768,35,121,3.0797320386090443
160,3.507160742242245,3.4411764705882355,0.5329921358270047,-0.5800165147082229,0.3468253968253968,0.9268419115336197,34,117,3.101149181946489
167,3.6525521538589087,4.0,0.3262760769294543,-0.7152280880631395,0.3069047619047619,1.0221328499679014,26,104,3.151892492214711
412,3.6266651466788264,3.5833333333333335,0.5216659066727466,-0.6139268885848914,0.3247222222222222,0.9386491108071136,36,129,3.1969163246694023
83,3.799047874150473,3.9,0.44952393707523663,-0.6988201341142516,0.2761904761904762,0.9750106103047278,30,117,3.309873780270497
85,3.799091788444537,3.5142857142857142,0.6424030370794113,-0.6662789506046323,0.3064285714285714,0.9727075220332037,35,123,3.3326965230212946
276,3.94574644859747,3.357142857142857,0.7943017957273065,-0.6749694062021971,0.3265873015873016,1.0015567077894987,42,141,3.473267864255932
256,4.029595957489695,3.5161290322580645,0.7567334626158155,-0.7399601637272022,0.29285714285714287,1.0328173065843451,31,109,3.5116238428806534
200,3.917697058823529,3.90625,0.5057235294117646,-0.5405575163398693,0.3651587301587302,0.9057162464985995,32,125,3.5393067973856205
204,4.09227145403616,3.5757575757575757,0.758256939139292,-0.6792332236753409,0.30753968253968256,0.9867729062150234,33,118,3.6168081974634214
7,4.487520649285355,4.3076923076923075,0.5899141707965238,-0.8042476078750589,0.2484920634920635,1.0527396713671224,26,112,3.924547323772814
