seed,score
67,0.4729990412369695
134,0.4813500495441626
26,0.4950331050997185
7,0.4986566015607238
221,0.5365946473508255
391,0.5595200890780789
359,0.5605186850295674
437,0.5666367622841904
339,0.5784837395307695
52,0.5971763675832379
82,0.5976161085320518
453,0.5985230675416233
310,0.6071155749116124
41,0.6075021510664183
340,0.6094302647950569
326,0.6101240553999376
404,0.6160689191556779
384,0.6250720787478536
139,0.6259196056487508
83,0.6374119794059938
185,0.6460673221323474
80,0.6510695915906946
5,0.6565435991687567
316,0.6581524745328842
45,0.6662111615907291
69,0.6687951133649473
366,0.670898824018996
183,0.6712926445759331
90,0.6742822118710159
118,0.6793210664715329
469,0.6837249640417974
268,0.6879403276629
111,0.6882763055634245
169,0.6913598429134461
78,0.6914137288123734
31,0.6929860434523384
317,0.694233290582152
119,0.7021917177232935
212,0.7061396770755739
479,0.7088561532677988
33,0.708989324854786
58,0.7100301534758725
107,0.7113527006945111
207,0.7133408104365343
414,0.714398934612546
375,0.7203646624230218
342,0.722097766963214
314,0.7314496244190567
260,0.7329637636515284
315,0.7330974822176064
44,0.7364526248964007
349,0.7395603683420937
259,0.7431100292264219
338,0.7446526322226776
10,0.747031610434436
295,0.7480785412666945
213,0.7495359171920944
416,0.7513674162723762
386,0.7523331580534836
283,0.7549746675199416
285,0.7561318795308385
279,0.7590896639966842
13,0.7592998173938736
6,0.7597551843284126
149,0.761005570767633
407,0.7618801831569083
101,0.7641625816906041
172,0.7663045541812228
357,0.7705199833191707
144,0.7709521009365047
184,0.771095554567645
49,0.7715933930888217
11,0.772945731919484
392,0.7732067233447689
201,0.7765648746577283
399,0.7789377168507854
444,0.779873649018909
473,0.7807058910080891
274,0.7826930253761928
415,0.7833706502201383
372,0.7882091568050442
431,0.7883743665131474
216,0.790072187837682
2,0.7917190908161014
378,0.7919921182380574
32,0.7938134926929579
269,0.7993338675832382
244,0.7995868819263043
56,0.8022890022363502
299,0.8027449755732501
181,0.8051560309941708
1,0.8060676394003299
482,0.8075259727511488
411,0.80777357577363
400,0.8097565501369088
254,0.8118687286200374
364,0.8172066812667638
170,0.8217216245974042
486,0.8226480081533242
51,0.8234800966578899
230,0.824661790819949
173,0.8274724298845618
471,0.8280248127428259
474,0.8280657974625565
215,0.8287329614242704
154,0.83036633117042
131,0.8303748184779531
200,0.833228878983554
467,0.8362107844448643
417,0.8389579199145334
113,0.8401757387124635
60,0.8420530736963956
75,0.8431695688337755
292,0.8432842151704627
475,0.8467006439779412
367,0.8520675597554885
291,0.8525130264165592
30,0.8533056216406663
308,0.8562658707340612
89,0.8578921645474664
211,0.8591037198512368
341,0.8635894402305236
496,0.8637471932755618
282,0.8639947394101211
137,0.8645112469007578
150,0.8646283208576826
323,0.8684983323454216
289,0.869257396059547
76,0.8710046739544753
435,0.8715938874376213
73,0.875528599168756
262,0.8758029406606588
311,0.8759584290994804
133,0.8761266183989197
29,0.8818812499344308
168,0.8826827300171003
219,0.883071196386171
165,0.884156323975282
228,0.8842639184562713
190,0.8888103449032552
61,0.8888957121525269
0,0.8895819138629233
408,0.8910567400343412
387,0.8931009244309465
256,0.8935321988358389
122,0.8939064294107164
313,0.8945188394933503
130,0.8968065995849026
481,0.8983033105851578
48,0.9022471406190447
245,0.9060342441958057
40,0.9069751784446622
332,0.9072340055060727
74,0.908700912855779
251,0.9094702288281096
158,0.9103411273023565
54,0.9106467758701489
347,0.9113627102326567
43,0.9114819668341742
409,0.9126549193934754
464,0.9155118986158758
132,0.9202824345356115
466,0.9223726284196585
96,0.9231361881506663
499,0.9231528692950345
22,0.9247646879863061
152,0.9249358796951997
34,0.9272410748818878
145,0.9275798081617155
66,0.9280077646639182
498,0.9300541641750327
302,0.9303542276373715
421,0.930487589567663
217,0.9323425634098836
248,0.9330987812328426
223,0.9346453615491139
319,0.9362810057281332
428,0.9391723549781956
110,0.9409754244781556
389,0.9441842430680145
174,0.944244099497478
195,0.947637948852451
327,0.9502970677496964
395,0.9515717113499575
35,0.9551785107376285
98,0.9576631086229754
3,0.9633013087282353
381,0.9641980039743736
331,0.9650658775707535
246,0.9659319633109169
272,0.9659919803589345
229,0.9663413229349163
104,0.9688803240085053
203,0.9698804995593745
261,0.9709248487359985
398,0.9714812915490791
476,0.9723646015047727
225,0.9740767390988866
202,0.975145241907
79,0.9753144555212843
458,0.9783378309151376
39,0.9795830378605874
86,0.9803503251362966
205,0.980591207454267
478,0.9812943186125889
71,0.9813179208674743
427,0.9815650623695169
23,0.9829518060669962
452,0.9867243700801168
199,0.9878784748143951
192,0.9880791630472416
106,0.9904026222211728
490,0.9911728771983201
42,0.9913434450634185
335,0.9922936054109533
284,0.992347813097773
447,0.9928895708707952
70,0.9931431466094554
304,0.9939617493976368
255,0.9964546614263674
237,0.9969950062946528
298,0.997090834364957
191,1.001456969465689
136,1.001979180820892
441,1.00256191432628
350,1.0069131694975115
164,1.0090482692677563
135,1.0121594991729521
329,1.0137403407417898
127,1.0151109451945572
47,1.0156913530181118
53,1.0162009905247997
383,1.0168093013285218
24,1.0168864881782935
368,1.0172885471504454
371,1.0174399942998424
160,1.0203706856975001
250,1.0226469154103592
324,1.0258746014872866
385,1.0268162458166794
257,1.02709122034082
50,1.027460846272343
72,1.0304185851369254
333,1.0327750463181529
472,1.0341753431809684
373,1.0342311471130268
365,1.0363636802124092
226,1.0364831533150092
65,1.0372782625359758
446,1.0387198825347865
388,1.0389941723231118
141,1.0398141469346782
59,1.0401349028350408
206,1.0406253413362854
418,1.0428937827627933
457,1.0448709124973334
171,1.0452423741069459
483,1.046437579697297
198,1.046509469955273
17,1.047061617760712
102,1.0475947056725312
19,1.0480543440272485
220,1.0532503370436823
258,1.0536037957979694
454,1.0583201992519857
180,1.0594545032469913
182,1.059710755847907
232,1.0597967654490013
209,1.060307024054316
362,1.0625374245953059
413,1.0661203902160108
9,1.0661438114034631
451,1.0675879958612662
278,1.0680880821067502
376,1.0681213658609516
443,1.0703548091583706
46,1.0709472743804125
175,1.071468445684141
20,1.0721809717807216
162,1.0730333156995633
396,1.0736904208499884
234,1.0744555300884395
167,1.074559465347937
494,1.074643857774071
330,1.0749597925562226
197,1.0761892835985831
425,1.0764523829806578
448,1.0773780447584775
265,1.0840952991271418
493,1.0869116670163703
406,1.0886697232276186
343,1.0921019896785178
434,1.0922895822099126
233,1.0925975546410827
264,1.093529113197088
14,1.0989779864804838
238,1.1008542818413254
360,1.1044820589371827
176,1.1065936799588743
123,1.1094500453652112
128,1.113228142937574
187,1.1140960599932863
361,1.1151529360533217
346,1.118873824482352
161,1.1249152720776199
18,1.1251326347492803
91,1.1254796406802425
124,1.1256237578552017
214,1.1277080482205357
432,1.1277801425214278
95,1.128433011764007
439,1.1285606862482829
103,1.131104698285057
401,1.1338306315547442
177,1.13470380728571
8,1.1348324324286518
433,1.1405826598229805
363,1.1416809150239366
463,1.1430131970978157
312,1.143214781112195
456,1.1449225026227718
489,1.1498132221103177
166,1.1517476087576108
290,1.1565379021233961
193,1.157946063901216
480,1.1635385346660514
126,1.1640862443304414
208,1.1648962006350605
344,1.1665384312239249
196,1.1672378744793799
55,1.1680837026283677
235,1.1680933639585678
419,1.168135446859143
15,1.1720496625104468
77,1.172124361757187
288,1.1727390444454937
121,1.1729784660893061
97,1.174930005743871
337,1.1752974547659267
305,1.177079410059904
321,1.1776953064097053
243,1.1797113279444114
159,1.184157632117766
242,1.1895562474340542
94,1.1899566870805747
442,1.1907286154124568
236,1.1935455763104243
465,1.197988191345202
460,1.1998431398164757
355,1.2007545516546196
309,1.2014031721290266
495,1.2028445688774874
188,1.2068789899005794
253,1.2076517941333837
25,1.2078868508464553
87,1.2098502705476697
36,1.2099764788149974
334,1.2107910226275276
108,1.213062150384498
379,1.217084074021618
351,1.2177924693310531
275,1.2183327788968257
84,1.2187249459534124
140,1.2260109281902523
210,1.2265802430522776
16,1.2286530119563435
100,1.2301490115122211
394,1.2327015116433584
470,1.2329170292124345
218,1.2354544538601955
440,1.2368161002965472
241,1.2386540370317913
92,1.2408988014456712
358,1.2410598112828146
99,1.2413818856856091
4,1.2445722466926847
397,1.2453941500732626
410,1.2460147408963582
325,1.246876930421357
156,1.2479289997971716
423,1.24954601271345
267,1.252992314910983
114,1.2558266495224801
484,1.2615235399553075
459,1.2637083946187724
148,1.2704513103193835
377,1.2725454998303949
37,1.2741420626352906
222,1.2753668969373018
306,1.2757174166745358
120,1.2785302461558903
382,1.2787397264361422
194,1.2797507938780994
438,1.282231808296351
345,1.2825139487492878
393,1.283317091083624
353,1.2874678731854776
93,1.2914390903090316
38,1.291583123633973
412,1.293863776520596
57,1.2946900067842364
105,1.2954516927282778
112,1.2998821131236507
12,1.3004118593180092
297,1.3015806340376357
247,1.3035152662812939
461,1.3039324990995143
277,1.3043716183989196
28,1.3077557313861878
231,1.3080820973258223
116,1.309722283105502
322,1.3107066241078207
273,1.3108444200176947
109,1.3126029510206079
354,1.3135970948429303
450,1.3138351321789634
21,1.31450995525551
88,1.31488602793427
390,1.3176303953916144
422,1.318199142685788
468,1.3195963123564032
155,1.329879320737034
477,1.3330216578454106
429,1.3363289498158815
252,1.3367885127309356
318,1.3380703620386978
153,1.340307278454453
426,1.3407144439898309
301,1.3435062666677158
143,1.3453240668876782
449,1.3508816942145145
445,1.3515951378703797
280,1.3567827777690349
497,1.356855432294016
227,1.3590232090314274
142,1.361936537844851
348,1.3626458442790346
296,1.3642226367425878
462,1.3653873506418797
68,1.366301449772168
270,1.3698800862542275
186,1.3725248247201502
303,1.3753099178635249
179,1.3838110471067322
380,1.3838449105809616
204,1.3870083932199595
300,1.3888223080742912
293,1.390866387350196
374,1.3915332042754676
157,1.3917941563416871
224,1.395629937525572
424,1.3958072654192761
115,1.3980078896390018
436,1.4025014060767873
240,1.4105873148672703
64,1.4113538435673902
420,1.4177595479827385
485,1.420221232335631
369,1.4234329849068217
405,1.4287544974506647
146,1.4293689491339605
62,1.4311928844371706
263,1.4363330176914708
271,1.444536195476942
336,1.445670043774064
27,1.4463754864979703
125,1.4542380981581147
286,1.4566886111023685
138,1.4678709530279022
492,1.4694915574194716
402,1.4811022643789098
294,1.4886433636875473
189,1.4932426738373255
307,1.4942494273876838
491,1.4956643289725384
239,1.5130489045468376
320,1.5145509566822983
85,1.5220001591672871
163,1.5330800323475209
455,1.5354786704032424
147,1.5427641090531101
287,1.5513627699094623
178,1.5576420569438763
276,1.565425180971264
129,1.567737481238439
352,1.5755989117244897
281,1.578300980567008
488,1.578747631628182
328,1.582647881403497
403,1.5964337822732086
487,1.5999350541077861
249,1.6199519372143363
266,1.6278144912521815
370,1.6442872893476987
430,1.6572939560143656
63,1.658488038455081
356,1.6703574124693574
151,1.7142784569970306
117,1.818751056024158
81,1.8669935523522767
